-0.469229471833584,-0.895592686686403,-0.94446265567071,0.261192066681162,-0.324064143766308,-0.168709090049532,-0.895914790014324,-0.863732492410099,-0.375599113051132,-1.31484018665467,-1.04239988388705,0.779794045290473,0.0613378060757337,-0.747450188283518,0.149332090879595,-0.612409781003344,0.519368045864461,-1.09455951432109,0.496803220648185,0.143282136566751,0.108661243187687,-0.334968145965683,0.45013557371531,-0.0169998340027371,-0.637616020980249,-0.730231973406509,-1.62306342443201,-0.211383283476227,-1.38763066079733,0.903299133205483,1.37499533395837,0.82153606986443,-0.841027738988183,0.0100157781707148,0.210365151519345,-0.170101214206358,-0.128856946033195,-0.468990431972303,0.613630851615649,-0.689509555079282,0.647740629003549,0.128030776661524,0.110175018080505,0.84162881773642,0.114983487406697,-0.915311833453506,0.397964980885046,-1.75270027943075,-0.914793371414295,0.167584119608795,-1.30812009937079,-0.552694381872471,-2.17086826884538,0.42236433608879,0.551385465971939,-0.823356218623257,-0.633129602289145,0.0976102989514127,0.62034171965936,-0.622091256228402,-1.0061555262306,-1.91680759554033,-0.0395691396456913,0.224364960420195,1.35329126540859,-1.10008339780873,0.257706450746771,0.0187760621218633,0.391289374532667,-0.773222657038176,-2.12129953128678,-1.09783318562165,0.181333388508147,0.940002294541336,0.352155353644908
-0.557001874032098,0.0160363286146603,-1.55432097580729,-0.642106795339455,0.0778277037147841,0.267974588666169,0.167047655004897,-0.202545261060566,0.0231934321293646,-0.345277587193139,0.803586425278835,0.157600716999013,-0.726778465859032,-1.39527243743336,0.247450060258249,-0.0896600525407261,-0.500885981137987,1.07106722223968,1.01365186802788,-0.521845297538387,0.194971355563921,-1.29327516437459,0.00727613803776116,0.139262866944107,-1.40092355836261,-0.231730018094797,-0.063778467056054,-0.722535169665596,-1.47988751994521,-0.143981939443002,0.924980899404932,0.0661403678738287,-0.196618959654065,-0.242230544452641,-0.0755416484140971,-0.922399854716368,-0.140683283568127,0.149210807960234,0.211805831953342,0.764833120851106,0.4717786276361,1.07821770489413,0.806179333877507,0.554526146454158,0.797255449818305,0.875762803369948,0.0482298993762639,0.987318084981828,-1.09811177168975,0.932067367430554,0.926743130148367,-0.242236877844208,0.924233565102046,0.071324185960758,0.46003701652533,0.0493927256505282,-1.10988862521491,-0.0034765119730255,-1.03664958585367,0.562936380505182,0.988616681526025,1.00855486898981,-0.657092927305704,0.173954478585718,-0.931940050874184,-0.263204379042647,1.26049100698615,0.813883055008384,1.01575749225397,1.53972515275383,0.00789366997063009,-0.242950570269218,-0.894676869330684,0.238963553601978,0.362969703462317
0.383901737237026,1.12849426378168,0.509666021496933,-1.97599379330666,0.14535884997277,-0.0174047110833471,-0.107235803615465,1.77499692171803,0.406432936301153,-0.728504826613596,-0.258358186841882,0.349417591928441,0.495714488215054,-0.531754561289143,0.777277106117246,0.304073239816042,-0.55337260034333,-0.408503347295804,-0.145018900316386,0.525266170275238,0.172097014429151,-0.0468356044359864,0.280403909945058,-1.10867963564597,-0.356443839220299,-0.85920754697056,1.55321824797384,0.0300202782066609,-0.164266402039683,0.152126508443263,0.0936710955957162,-0.39781535559782,0.737882102285538,-0.35211833947081,0.686578245759916,0.883647916842133,0.00443912162477432,-0.298004757043627,-0.587761168458009,0.0100506851924587,0.739044636740739,0.247498793800169,-0.0391074798364059,-0.164527572746571,-0.523965183659643,-1.01790984292234,-0.345995311682569,-1.58502148552155,-1.10161746221294,-0.348617213880815,-0.478425458929975,0.376699853848501,-0.675669411734654,-0.728610190932169,1.08766614006722,-1.30706436235038,-0.0846832113351005,-0.977186654378811,0.338034123328957,-0.0924909638321997,-1.32390200680908,-0.60298703339374,-1.41258213133263,-1.64564088221888,0.00974343957526233,-1.4978016660822,-1.07623222322129,-0.430816916817732,-0.882892962706226,-1.76265555942737,-0.165886667714183,1.62228940957651,0.137670148523546,0.718049331167092,0.00576961606526735
0.675163343639883,0.933466080907918,-0.477678658654483,-0.545975907271206,2.26274658509069,-0.808997736530134,-0.21773988426314,-0.560367778429664,-0.393357947709612,-0.893568175959019,1.18267280060723,0.0537237960868426,0.00924313964505046,-0.3507797808089,1.03302123589147,-0.239946065763625,-0.353134950591532,0.260899188286573,0.365063349866997,0.295567088348929,1.19611102299309,-0.690832418682188,0.395986937028354,-0.519163260625045,-0.208065390195214,-0.110602352503669,1.10460107055756,0.0410692069686824,-0.832367000806836,0.059905668454804,-1.40965390093689,-0.601952315982681,1.25028410612448,-0.590521876096542,-0.221693661460968,-0.154536414747531,-0.626097514962634,0.475627043525767,3.48431090474899,-0.565155092170973,-0.249660122391613,0.141677985684613,-0.0805533963556776,-0.355255465805501,-0.599959516220124,-0.160956949325176,-0.70641130275318,1.06739388856949,-0.948426089871206,-0.427496910753688,-0.597994419068059,0.131987067644405,-0.493754089862998,-1.07235314423259,0.41343836511411,-0.79586381566212,-0.848878381132118,-0.699263281607647,0.596981334353966,0.778308675557455,-0.118350118534067,-0.579380102344862,0.102772874811673,-0.165327410153092,-0.886258026723191,-0.20797046608911,0.154527189704054,0.812207469964632,1.04139448666035,0.404816367964771,0.484744230668903,-0.381734525084706,-0.347556963644331,1.25404445967613,0.527720464357375
-0.933876938349291,0.621485166676625,0.132986508565851,0.129956531541081,1.45812286958787,1.77641219492211,-1.47334491971344,0.844041358716635,0.112684090737654,-0.425478512940696,0.0896987416627755,0.206386180407544,-0.146907651412617,-0.81682158281364,0.979237867698988,-0.248210371610566,-0.11662276478662,-1.46439148192118,1.17842637520284,-0.352906901017733,0.457449917262348,-1.09191342578457,-0.238433266045337,-0.577539809416266,-1.02513273006496,0.39723896840478,0.797027425719803,0.567712962322443,-0.44739996475268,0.0136479308248102,0.442706681420091,1.65702995609319,1.4071676826085,-0.726386257184325,0.119618485322351,-0.772916741482371,-0.965552900788488,-1.5513369892077,-1.40305293030391,-1.15701679668814,-1.33043826576269,0.283155085583038,0.548384768147043,-0.0743666796986241,-1.08896922627216,-0.213770604915259,-1.34664756855884,-0.565433138114235,-0.626085149785266,-0.671059230376329,-1.21390832672055,-0.624725622363877,-0.21444576205641,-1.76150507750642,-1.14748062303618,1.21108160050087,0.383407465719284,0.151160138881497,1.60476673519971,1.0767505538822,0.49264124962135,0.332890778183716,1.13118400038524,-1.24197503660275,-1.02270991829586,-1.40564285946898,0.466927676603626,-1.28235761397783,-1.50431408070957,0.113821168884871,-0.909222117176482,-1.29247963944471,-0.510432312649991,1.25607207113324,0.320019639178611
0.486952152414305,0.679591272547379,1.26383845417524,-0.283713882103339,-0.107794208951033,-2.62494181471967,-0.842031264074289,2.3869925252119,1.32770811744637,0.501667351423301,1.90947280934694,-0.870410084014977,0.566827191800605,0.33459684357089,1.63122464160283,1.57522192535211,0.562342962193104,-0.32868407252774,-1.37940465660038,0.690128305217647,0.665462331250897,1.41568426316062,0.628976189466181,0.27901951296139,1.18823556484185,1.63321700343807,0.41579623122893,0.822690433650291,0.839324201868962,0.192196905371156,-1.38168905908659,-0.880694886617128,-0.310090699701732,0.167071584736341,-0.578417307630467,0.389059628469836,3.83552191820612,0.562542751909822,0.89657532506782,-1.60200350721328,-1.64000739265468,-2.66727064433297,-2.77164302832585,-2.20089186134826,-0.152720291371949,-0.825108499197942,0.905224425919811,-1.3671002500797,0.714877992946783,-0.567479742808661,-1.21630806055221,0.356257664755731,-1.59953925779574,0.0885259113591678,-0.602993303854313,-0.651440447666995,0.479098915883724,-0.553402023516341,0.488594950359374,0.169152864248756,-1.22645871003311,-1.30499814545975,-0.620007570890234,-2.86594174680746,-0.806975656320869,-0.0774718229843782,-2.29266541674041,-2.13631953152614,-1.88187708923982,-2.04570228523522,2.63459044319615,-0.318055170734754,0.504397117905029,-0.112169644554912,-1.06978758406973
1.20854445771903,2.36721079348094,1.52478460858024,0.253015416431679,0.623037803166838,1.00802500486205,-0.434601032274241,0.579967288619751,0.903961520389365,-0.352081636850423,-0.693124811502806,-1.12526779082249,1.30116320080039,0.798755833208941,-0.124085946654687,0.637702489649603,-0.170804283594242,-0.0101095235834697,-0.462740562447546,1.52900203411522,-0.744083387541196,2.10344208249907,0.466611232224306,-0.576651953160887,1.93640152962404,0.455725413795747,-0.229601360088539,1.10713551483094,1.28331917399767,-0.144865845257588,0.610782061960622,-0.600128870367043,0.341403144376825,0.596710646440349,-0.923487265584872,0.14776250995753,0.349949406392875,0.536376396860793,-0.853732347915375,-0.476564543402128,-0.075067611196903,-0.533429216165577,-0.414171312272446,0.492916699188102,-0.132968597253246,1.16948755335423,-0.390256451619302,-1.47370479715628,0.58012801346144,0.13860719620851,-0.641989539315105,1.10360651330862,0.0482183380448699,1.01559478366639,0.13294089580965,-0.106485104225477,-0.206970387077651,1.1072655928569,0.348190812592172,-0.542979523794356,-0.299762009008566,-0.0382965961343768,0.445841353493111,-0.769378309690582,-0.221404573471331,0.172137730554417,-1.48381824554808,-1.17185278034237,-1.12576975181926,-0.54302097211005,-1.24785011082447,-0.824771790458526,1.28019896920211,0.856996950515797,-0.815659967578926
0.211904391694041,1.42228307944596,0.570868324679403,2.54723475577108,0.425392566197095,0.310188218867139,3.8963184677557,-1.017853026492,-0.350752153496426,1.09074459870925,-0.515940247198813,-1.25901219285786,-1.11072558449745,1.42391997237769,-0.150400154075615,-0.363314794425484,0.113644084440331,1.35288562585166,-0.690915436150942,-1.74359844409796,0.813652039219742,-0.388443915935843,-0.810470522865356,0.183554786956803,0.389730468527996,-0.15786735482023,-0.302444940442955,-1.93751835231007,0.988179493624909,-0.878802306635384,-0.00234470952851706,-0.835864809042414,0.368446583468324,0.135626243704703,-1.54256428809761,-1.1687509551706,-0.438688401884513,-0.650105018532861,-0.63088615797165,0.814891300831461,0.453790605030116,0.203284822948836,-0.025030825419063,0.323808361899118,0.269810682154152,-0.0188605015943952,-3.56150197209346,1.69251756732221,-1.88371510737218,-1.39296201710569,-0.358580973796404,0.303503628387292,0.702703798403203,0.227106010016768,0.117282239667418,-0.346694150436766,-2.03486905880674,-0.804212235600171,-0.614808425121489,-1.2518604966178,-0.260526614151017,0.346612306855876,0.502968583375665,0.951503198761054,-0.733908883950823,0.287600475132907,-0.105122836484683,1.19223015788764,0.726554204476787,-0.253893447077679,0.822110661066913,0.946948079182673,0.836205562523147,0.0609376835960586,1.19060361213497
1.66753775361952,0.900784481854019,0.614195357103864,-1.20557296373701,-1.20354019464985,-0.626158493069204,-0.476789980752688,0.121365190433023,-1.8901464957687,0.620735325085487,0.0685473342989862,-0.56670958657989,3.42393888355265,-0.0518087688058448,0.0615181782858145,0.624749032209257,-0.0487162437648951,0.00737439437432786,2.09929870329118,1.48374507864392,0.320942333435244,0.137740684135622,0.756793651280788,-1.05383433332501,0.0614555979164577,-1.39812090170845,0.0992822678644384,-0.029826898476974,0.318510643942884,1.19263096984659,-0.56832256677176,-0.148892791921553,0.383628865063552,0.892313941997001,-0.836833929413526,0.549645631984464,0.875010911598007,0.815958474357005,-1.16508937314414,2.09529592609873,1.58726124669206,-0.193347754320588,0.230091950291314,1.73073056719195,0.118523885409106,0.684113769456,-1.00873510934642,1.19538666136551,1.41663689694945,2.01293263743792,1.06183925696758,1.08382374967045,0.465109542608422,0.767606713394889,-0.115673285687133,-0.114762477936735,0.280668369784632,0.585916705843185,1.65356720885011,-0.943157188087237,1.1087393972948,0.585569250874741,-1.26886979980488,0.226385815717397,-0.696050241390596,0.533152722720177,-0.204847548167032,1.12302849558067,1.38183087490194,-0.482502541732718,1.56154950791032,0.699685883248197,2.92958741283964,-0.684336252608817,-2.75815153771237
-0.435017169265752,0.0552838682639804,-0.347763158704984,1.43887757038276,-0.726694191116448,0.242203284040714,-0.72909426896652,-0.288401619659353,0.981661237322453,-0.548559428230539,1.03494517011877,0.0220409530271703,-0.339572868871885,-0.968556505825707,1.7366999759745,0.725708279499316,0.448648359959389,0.18531118133478,1.06258919897795,-0.093524273239578,-0.226402826206112,-0.247879034871422,0.373135364101703,0.198567629093225,0.0758951114121874,0.180089840556716,-1.11261126783229,0.891001711036326,-0.707467384501353,-0.0278956424607254,0.315290081180676,1.61560216119155,0.701982332263488,0.0134337500219797,-0.274459593321631,-0.019745251434082,-0.375188636692038,-0.883552315191476,0.814779570309554,-0.545448214995862,-0.363443912637408,0.877482023041294,0.842402292930876,-0.0599370986284162,2.23170670712769,-1.06256592849452,0.23454907768456,1.22956498486853,-0.577078517679757,0.693680118109791,0.388927226861695,0.567713427199224,0.424401541955913,0.296579322279595,-0.145632256715885,0.841183815205576,-0.589381774957023,0.668442051792109,-0.397406909701726,0.877680619262819,-0.174172771213593,0.34093188907224,-0.764403745869618,-0.498575074263611,-0.819698117522829,-0.828959894224452,0.643965710992947,-1.25161062842497,-1.43431322835914,-0.284007881332428,0.787519410664222,-1.49956470903882,0.77035874183702,-0.156206830889072,0.679999187354664
-0.0303456972897591,-1.64198709166511,-0.936820567438387,0.117858792256692,-0.301338335537174,-0.17334442651497,0.529745436845492,0.295469449652849,0.145690098406603,-0.455821679071902,0.24041636167386,0.967405013249193,-0.305968530052171,0.304945989508983,-0.0891251965818038,0.344824816923372,-0.799446230643704,0.545272319636687,0.61627055235744,0.262852476195311,0.650104102364583,-0.0194611031417376,1.06327046492548,0.376845129463236,0.870068353677321,0.224442949417261,-1.19181982122739,0.455542254023974,-1.34576350317651,0.87639893291492,-0.512106553632423,-0.234439075864969,-0.128694064392082,0.23645641331702,0.973545285273771,1.63565967673467,-0.0585727200151789,0.881000556907448,0.377961894836882,-0.44708332634372,0.339340534733989,-0.10443241229567,0.245681211790007,0.371120579216913,1.03843729970171,-0.2347537422002,0.887870464251215,-0.0425907697973174,0.0644182965813609,0.167844391375864,-0.938845502194166,-0.760721131952015,-0.924923128934638,1.23717633117133,0.218667321725675,-0.595142445301277,0.0735694778141617,-0.386626438692062,-1.09546165320638,0.181415862041051,-0.448421690261735,-0.238704686407444,-0.817217501672642,-0.470481858614633,0.718100253750307,0.452057746201665,-0.161437071278307,-0.424357536474067,0.103661105933369,0.386660838851572,-0.483281737953228,0.867468106204699,-0.963098031204295,-0.716334495916373,0.935263943293407
-0.473973926006476,0.424186056980389,-0.679219876551398,-0.647064150859595,-0.720302115622006,-0.272747613598015,1.14375775306274,-0.900336717140057,0.544971107846253,0.118787552836408,0.366438883035075,-0.744003566017551,-0.668059251464651,-0.608081054447139,0.66451620115003,-0.273754589682929,-0.527654341160929,0.733044808388923,0.347322321538865,-0.0595902665967408,-0.281103120715007,-0.548022404100766,0.132647416843662,0.246673295293803,-0.441437803141715,0.0183732210603818,-0.0277503177692023,-0.956423635876354,-0.183393921394852,0.25966838255121,0.0106355583610416,-0.791657371434015,0.350654847223917,-0.0125428360476339,-0.833948467264299,0.0288230267203857,-0.327790348732781,-0.149905599111751,0.959035697203773,0.711712691034481,0.964947566256272,-0.697032318554265,-0.83128417409911,-0.049494595106844,0.00370939931343858,0.086153114842527,2.34064240192692,0.459986637129432,-0.389524074688776,-0.0972640926972589,-0.262979133104418,-0.455912705984873,-0.0430396656880538,-1.03353472275241,-0.344516055573002,-0.814206204694743,-0.826026140525719,-0.648917969317447,-0.542454105417826,-0.160462749970438,-0.361872335091614,-0.157300821761131,-0.72823894794673,-0.174396614413707,-1.11694001554993,-0.290923620543404,-0.282524106578807,0.663080401070685,0.705872877888678,-0.242890096099983,-0.105016240902624,-0.0335168674736085,0.864724435990749,0.276157551268384,0.122806620394705
2.23578407680405,-0.939900443711893,2.80685150520381,-0.70198328821825,0.864946748759599,-0.965170676438005,0.915279438504695,0.104791804218828,-0.0551811975655824,0.884237348600267,-1.16687204031061,-0.634737886515013,1.95992915375645,2.00037440362222,-1.33875350699941,3.24989671706985,-3.42379561373262,-0.750948633543186,-0.881349096032693,2.51340178534044,-0.755898795245456,3.02369217794588,1.42324653286129,-1.27376036349284,2.66753882676643,-1.47610282889641,0.282492078867578,2.78416740012864,1.03792646936718,1.01216686603531,-1.04525196856678,-1.65677113034607,0.128851202043634,1.76642606323951,-0.530997309519147,2.75070970227924,1.87237312186225,1.61963937943432,-0.274851913559741,0.76657329234478,0.560395413083369,-1.11042104274046,-0.401469755201785,0.267552517515794,0.0406351293561079,-0.105952925795113,1.03097998554107,1.10909939880639,2.66867966026501,1.18756748543607,1.05890624895111,2.76645770133878,-0.037017407551417,2.49444335992775,1.05053814574443,0.717192654239093,2.52871231489197,2.64328274384353,2.2147484732362,-1.57990021599515,-0.134030199596332,0.025558044591137,-0.285765933069102,0.536870516471076,1.51057443960864,2.14211319755592,0.295173070647807,1.03036864266117,0.762813991780733,-0.96216177579994,1.52573738984636,1.35456112060021,1.98814279576035,-3.72820874902626,-1.20284442454076
2.00966077929783,1.91327226885767,0.632824997086523,1.65885275569209,-0.0291377401455296,0.568805009967144,0.304064973916551,2.13468484186448,-2.32491050434918,0.690759129749915,-0.901870376323449,-0.526236569933096,0.04999461257873,2.15085501792275,0.969873381072323,0.244927753143421,-0.746241121389569,-0.285062096399244,-1.21829574266925,0.641457045176534,-1.72207854445212,0.860215312867399,0.503246430459652,0.977506118344303,0.155860141323022,-2.11117968947446,1.54120886487822,0.172795692714919,1.02571467945629,1.31864647547938,0.990932113461438,1.19404821942599,-0.177482958893413,0.340704554780602,-0.377933608068314,0.449952786258526,-0.473679490936788,-1.90801937738755,0.981104353809345,0.903176754598169,1.2389155441225,0.053176793066465,0.384441802553321,0.37764879830692,0.296400934519613,-0.328554372237966,1.3313086706996,0.245247626973455,0.0150395500338581,0.438939126091561,1.84175275225613,0.717622813879538,-0.727698025508463,-0.0534153961111487,1.20784160949615,2.29360732243852,1.63363545947652,1.53606319378681,-0.323359808454193,0.988400817202854,0.110154412405592,0.620442168214355,0.961590824380314,1.11699153194048,1.7232562429436,-0.0490706813237012,-0.979454038934546,-1.71968531039716,-1.28171791237096,0.160918406688091,1.3334507331961,0.324977550643541,0.954424136742161,0.047758209124828,-1.56703638286772
-0.159947644994236,-0.387230907082744,-0.01626708246424,1.15197808555155,0.22829786794195,0.864708564207371,0.414624348074683,-0.130153284047047,0.787007459601631,-0.884679481300355,-0.717266208389225,0.526084793771194,0.531629477561935,-0.365520876628074,-0.299201846573323,-1.05453719035725,0.40376299701383,-0.294163313966317,0.409737075382407,0.0561128505088672,0.308982835393128,0.337383558690887,-0.224882468083441,-0.0017448492512116,-0.224596143576532,-1.09066756582807,0.76700396798076,0.204563144071704,0.772095084780567,0.117064911131357,-0.871927214982681,-0.141954803725466,-0.205079918668072,-0.402020728499278,0.616566644774806,0.0494112889065136,0.262016288446501,0.243313220311672,0.579076869407537,-1.00808523638541,-1.07052889487913,-0.812571551014401,-0.202756126348909,-0.0312963158392119,-1.02781972042353,0.809627401784245,0.235888145674524,1.67158831640362,0.0451651172631882,1.47920200043625,-0.784533728915536,-0.242566590571511,-0.152572373459647,-0.589763528006893,-0.236376998937734,-0.404404191988983,0.171823037022356,-0.869623409544665,0.148636051163486,1.1440430750024,-0.428581108887686,-1.24577004166747,-0.596677988521069,0.241690097907184,-0.0704127262392823,-0.191332102187056,-1.11390205190823,0.467790964221364,0.150224757017867,0.767637388360925,-0.911592635218784,-0.6084531350037,-0.40378620655034,0.0486611298518233,0.369538988786569
-0.681772313358675,-0.598644320660415,-0.937279748705565,0.480250439855138,0.172389409928692,0.183401562966573,-0.606729730325886,-0.308514488066479,0.688967906009806,-1.03263136959278,0.847627863543646,0.710599518629215,0.194356474893577,-0.302710990094204,0.156811194198758,-0.613342429939049,-0.0258719447776626,-0.00996582014820006,0.546327489489264,-0.185431777884141,0.0399841859066807,-0.100608462017092,-0.26169840228641,0.630348268925426,-0.770359962289268,-0.160672715588831,0.928463451821837,-0.801390949610176,-0.689440211689735,0.0725749851305346,1.02137847711415,0.460382652259798,0.0178307678785295,-0.952485095145504,0.723105065059815,-0.758206480033048,-0.828330210255463,-0.844724820602595,-0.638309865086674,-0.00152032525898226,0.83942728719609,0.109858914935899,0.206578991888807,-0.104972876648733,-1.3151820249524,-0.274226065792219,-0.417918540700575,0.495572483355052,-0.726873752327148,0.620955848528085,-1.25310397930428,-0.544429582841416,-0.434085987506653,0.591174488727422,1.71461609298125,-0.414839161577211,0.423795755256281,-0.734812246763307,0.698596592173081,0.125752358029644,-0.922945519994941,-2.5158334709056,0.330834665931206,0.706018569304579,1.18523128112446,-1.11135179795141,-0.698263881439994,0.110371918538578,0.0213855714126217,0.103758893977635,-1.06940300650445,-0.827243617618141,-0.287072012962762,-0.144563905725185,-0.00748420520296037
-1.07340959448996,0.0756481577046654,-0.96509301403179,-0.447844158842419,-1.22220731777521,0.0560901519944473,-0.880930248680564,-1.60590211971707,0.0790347586895366,-0.86658360455226,0.777595664502492,0.881202073969043,-0.497980002484241,-0.955245667358325,0.146766221543889,0.27858083557344,-0.650866173117874,0.961054259016639,0.917914545994979,-0.416419933984768,0.16806248496916,-0.509188809241483,-0.508270129876174,0.336185348677093,-1.08233809922097,0.482997781774048,0.398849657305114,-0.130928728954528,-0.432154509137607,-0.487821301316903,-1.55577735784066,0.45473441827965,-0.451633845823909,-0.927704799223833,0.780724836349797,-1.1197370964826,-1.0986630928074,-1.0501970279922,0.0211515355902216,-0.149988593151056,0.148079551576754,0.434468938227978,0.590433797537666,0.411884724776409,0.328084391028891,-0.41328994747793,-0.547610420990321,-0.289589588788782,-0.370717505736215,-1.02372313689127,-0.726602376638718,-1.22911103235829,-0.593806746782673,-1.40585003349426,0.125809604217164,-1.13680067724232,-0.03396342012815,-0.928135011783435,-0.955347706560989,-0.702018106684092,-1.3044289884325,-0.0453154425980164,0.301871265587436,0.0907297427485015,0.590584376593302,-1.0234548673377,1.27039743529897,0.0932893290175244,0.50106395884299,0.71964250876742,-0.7142190299799,-0.215887639470218,-1.2218997687086,-0.363403376662746,1.14719254537237
-0.00666695352779929,0.666706231228546,-0.169459136820242,1.42146709888733,-0.263042449610294,0.204799908662368,1.03955160325608,-0.770199283919888,-0.341660862868657,-0.970063066148567,-1.25236359258729,0.701031796861092,-0.309411450571587,-1.12520341833161,0.492549890233495,-0.0446079275632017,-0.496482926736415,0.619678765009597,0.926184833108243,-0.383496282775855,-0.122063410305544,-0.0724700211518409,0.608426492349161,0.156898920744151,-0.304013467803046,-0.0951551128284589,-1.2937127649142,-0.589531944150109,-0.423721946841242,-1.11893005293121,0.949032572259114,0.0201761960747539,-1.55321907969433,0.688995886424503,-0.934179133083557,-0.56050300769131,0.0286726580666885,-0.0494123258497205,-1.25717708549369,0.115760453525692,-0.578967253713995,-0.327058848506349,-1.05916434141054,-0.104268106924368,-1.70999851446666,1.58196876482359,-1.23889303701744,-0.161587636496747,-0.226042039957074,0.591415002965818,-0.111141752043319,0.0979826950352489,-0.409196040834517,0.522076032466013,-0.704597229781546,0.207517109872253,-0.488817149089765,-0.523539814727508,0.812399877108054,-0.626710258351054,-1.01710421126161,0.214561036301215,-1.8676010433806,0.08093352347243,-0.466242047976077,0.0752567653337521,1.21141608519035,0.748200121293297,0.416340847790878,-0.343368064238423,-0.985084798868454,0.218951266690924,0.821081308046675,-0.72797742108026,0.578884056140058
0.215103633728056,1.42988574750382,-0.307079698432992,-0.419324432807881,0.951239767934568,-1.00067910294683,-0.284949146223235,0.306207473332753,0.579448671879528,-0.244751372682122,1.83439085022312,1.11930303464927,-0.00515359645548251,-1.06335153436356,1.57088613277169,1.04532188838242,0.334360542864877,-0.244330156024503,0.139413416524908,0.0120056098416887,0.589242144783087,-0.700823050627407,0.158446728287998,-0.696310762124573,-0.522597827272885,0.150473753455279,0.330396173660096,0.700972675738004,-1.14501453155711,-0.741502270103047,1.17695080549636,0.620845866435959,2.05035871643967,-0.189764676535723,0.511884762151703,0.0629740278859314,-0.585018998731278,0.706059783151085,-0.3851277083411,-1.28606068277745,-1.13529640764506,-2.13197549272541,-2.04935505359536,-1.3042130101613,-1.84009261299378,-0.975506147631213,-0.402658557835077,-1.47009419538962,-1.02719457381426,-1.30468650944165,-1.68941114151186,-0.810661619714137,-2.0572000717907,-0.60696108833862,-0.959652212732495,-0.640793672200792,-0.152841218778615,-0.988479312756538,0.0262237629482646,0.741687234218352,-1.41188251152254,-1.89636230704264,-0.00391985447864994,-2.02420622636916,-1.88045079614446,0.322564905832816,-0.0720252054805812,-0.926245524629169,-0.723510180894342,-1.54114073053427,1.04786943943036,-0.922623559190358,0.208911018479074,2.45331327370008,0.623080747960443
0.678797856698934,0.892934973924155,0.418485741300112,-0.373931779852385,0.0437771741229303,-1.32620216567061,1.08823753921319,0.0770499167607236,-0.0083726075579491,0.649816122854745,-1.05690687008944,-0.799974040879903,-0.442156530169583,0.117460839479311,-1.18642452453899,0.483297276960674,-1.07396469774754,-1.03723781069689,-0.675322821989887,1.01974805557482,0.0471346689228253,0.786113174480177,0.864425703663844,-0.530947534560086,0.448932473860487,-0.797418588269721,-0.348160658760272,0.0120661252015704,0.835596392317215,3.36414949098466,0.462463412693169,-0.562503626688264,0.924181349360314,0.574493829407126,-0.550792921938259,1.25001888073124,0.330186179070255,2.13465112629424,-0.300564935476325,-0.604873941523332,-0.542764592150666,-0.638347065880658,-0.671676383824662,-1.42739881691293,-0.432629126422057,-0.0278047760437943,-0.346345805988667,-0.433738274574591,0.57753526317866,0.23746708906667,0.45303567177926,1.16097652785929,0.731274869614102,0.48379906965454,-1.14839373021363,-0.495353635991388,-1.39013314612473,-0.422391015463526,-0.596478019260735,-1.81859394333336,-0.112852314550639,0.137385341626692,-2.03893012968583,-1.95088861040359,-1.21390217979289,-0.425885300194813,0.212822710160242,-0.104035943659955,0.268318484680536,-1.27054516504328,2.17879984965481,3.01223517701531,1.03398736906785,-0.744214153451668,-1.55205380230363
-0.485965642746219,-0.7201142216757,-1.433785893173,-0.92709501057254,-0.198570166028078,-0.206698441924452,0.548379349869393,-1.29481033346275,0.620513569376143,-0.237628835594072,0.128568605456964,0.387826828689564,-0.302909864055012,-0.650091490907548,-0.197878101272807,-0.323780842317547,-0.100521218564974,1.30977459527079,0.305572211178653,-0.482127877032397,0.591632243262287,-1.02406498160775,0.935488199988694,0.2859407560431,-1.22426855859882,0.0509012016178351,-0.449119539317428,-1.36423939699198,-0.554501218625928,0.449825986795782,0.0638928339667292,-0.709068627330597,-0.713069571918402,-0.375360548059412,-0.179753804640815,0.265945116671971,-0.760625008729348,0.618589396272903,0.313206922319922,-0.733917827612645,-0.776319320690597,0.0505946982956843,-0.112035888240223,-0.467952446142874,0.0455109406401273,0.367081676563433,-0.108000690808543,0.31791863710746,-0.912018033083431,-0.705100608577488,-0.753737144742603,-0.863657445415932,0.759260657425532,-1.31917499583302,-1.10651154149586,-0.0534700929683695,-0.285177473508341,-0.535048084721038,-1.07123069453557,0.0230112598348164,0.946714499814495,0.570857074203208,-0.711589990066594,0.278817152849075,-0.641700166750356,-0.784346576261672,1.23448028239045,0.174488180237757,0.0904296364119925,0.260788294904079,-0.524089239531226,-1.09536930645933,-0.325305002005012,0.370267236164515,0.937935836827335
0.131727468882405,-0.277527862766094,0.176202025539711,-0.364255977511872,-0.674751506844134,0.879780695984928,0.40085626397097,0.356669010002235,-0.137780966057367,-0.919220890837119,-0.362232637665098,1.01319035219429,3.44960708563936,-0.637313625698617,-0.0055315459611071,0.281093806316868,1.64100654559799,0.862377900131535,2.80034617974817,1.26658834003529,0.862217687594383,-0.266935083059201,0.701657742170894,0.236140091536797,-0.0169658977931087,0.581327452258315,1.44806942709221,0.166447617188119,-0.980373894526869,1.16222460982484,0.0147396136496517,0.836679563330889,0.0825136134248651,-0.186517603277022,1.81747809694399,1.72807185861963,0.00625140910556945,0.205836247273708,1.36298659663084,-0.482011054181029,-0.0785507884493253,-0.184360430459388,0.158641168422308,0.241833385743557,0.81076486324855,0.440039535667107,0.949575436191441,-0.707363751679154,0.284503356571023,0.961196116028296,-0.871981807321735,-0.595095438603604,0.685946210544736,0.19892516884349,0.417211535268864,-0.661169397661974,1.40123666364892,0.18800277373198,-0.303143160301699,-0.178214209108473,-0.28946242459011,-0.252764510832582,0.477429660624302,-0.716269246697036,-1.08575134463634,0.135741309518675,-0.133064044546472,-0.265450077679738,0.162262286767846,0.0233330851867081,-0.202929827336594,-0.96909152539193,-1.14040578049229,-0.00665464521252424,-0.382682597713531
1.70497106177262,0.338236413547098,-0.0788862878425746,-1.05774820575694,-0.590424192301304,-2.18761676869428,1.12711164173976,-0.658516663022818,1.3083698636534,-0.318901037245116,0.0126234561905382,-0.243116544135685,-1.06917486215747,-1.14311874096219,0.350290852392284,0.0568694580244719,-0.873340168738696,-0.547512470346567,-0.708545721480771,-1.27194710762082,0.304047741321532,-0.1105821175274,1.40406423444769,0.200545127116571,-0.0792051801022885,-0.13996986333447,0.207099840545091,-1.21815528857278,0.184065264281791,1.83708669926114,-0.830409446365343,-2.95920051702812,-0.208954563450188,0.117681891485562,-0.258690207157253,1.35738547778253,-0.522262736095026,1.15889448246501,1.83641664582988,-1.20944793779623,-1.15194291740563,-2.2636862734499,-1.68748733078448,-2.117576830083,-0.00759502939600772,-0.0577387164456151,1.71505500070945,-0.660627877624974,-0.835184982450055,-0.723803303972747,-1.4601032420424,-0.644574328547502,-0.634345323293231,-0.654930161320094,-1.14752967424819,-0.701694922314497,-0.813289431302442,-0.759553679676799,-0.644794841041456,-0.120431398240789,-0.562757243942692,-1.84588141430866,-0.824082237860187,-1.31526800799152,0.879868911066433,0.121574833696333,0.0803559828491226,0.197242625131912,0.597461511111862,-1.04092260385082,-0.534232615016956,0.468359421895805,0.702983406070824,0.26089502283926,-0.622941722964246
1.74479836056341,-0.107270061048367,1.93952368882801,-1.38657616739705,1.26670000699325,0.484115372029424,0.424245418894146,2.16147011251369,-0.86464120847283,3.15162754241433,-1.10696150950532,-0.723537748817967,1.82185369542572,3.11820148201071,-1.7210430660553,0.936720101202559,-0.870963624731153,-0.360203025996866,-1.13940243067822,2.15455140708456,-0.708997390273061,3.16302626747924,1.82255511176442,-0.554516082430168,3.02847687273383,-0.379774942706175,0.321989605493164,2.73708762113751,1.95033999344638,0.808750674571949,0.454923404139675,-1.56159616406641,0.296093522741066,1.74865260961293,-1.37323910616238,1.14118736137795,0.695861647230434,0.894312840766493,0.820954744864324,-0.31115785298397,-0.541016009192623,-1.28127880310488,-0.920569003573979,-0.621115782015363,0.86747334353275,-0.246880742046739,-0.0913656918191232,1.72017844865322,1.88241900760948,1.18353327304651,0.439694929255863,1.89975284550231,-0.107539436528959,2.700072702039,-0.735615706989753,0.5851387495177,0.136961371748328,2.65223062589939,-0.276880863778244,-0.0639165487401087,-0.198588338832741,0.301948836416079,0.0971443171713107,0.298557458861989,1.34624264908333,2.13393039563688,0.57978729618484,0.134374674290329,-0.493390556461996,-0.671441660494482,0.268548915652084,1.35154088162705,0.757969724872251,-1.77805838586136,-1.04929218219553
-1.35833583112342,-1.03843892061761,-1.57232744121306,-0.419414023570293,-0.901316642898245,0.972079282460254,-0.491083353205739,-0.102148326966496,0.883005325044,-0.837109040504963,-0.0748614224345585,0.448077735907385,-0.84529793070374,-1.20579707080568,-1.4599923938593,-0.0995046801953894,1.06286155300337,1.19417316512061,1.02147918314793,-0.768302343730821,0.107256362393583,-0.636541779836292,-0.13894929087833,0.335236956767938,-0.702992163117811,-0.358610448806347,0.688809540269297,-0.223324220157391,-1.13514226350283,-0.90089995200003,1.60692217933798,1.5816015716024,-0.132015188491038,-0.895063168044252,0.362847286955605,-1.16331853496732,0.202721959587666,-0.347443492389718,0.075074644543897,0.0581991964557305,0.00452788505322899,1.01813786748344,0.828398012058095,0.158051816773427,0.699686428729109,0.083149927801123,1.63893482705176,1.53545639047259,-0.404971023556608,0.369446564284289,0.939452831553069,-0.566410431328266,0.460735319307131,-0.347889775625185,0.106868290040296,0.616161250445084,-0.147831446484126,-0.517179272061294,-0.748586532274117,1.1397410632215,0.496676622104207,0.590511952063099,0.391094424855663,0.39532438964814,-0.543776827553954,0.653064865842147,0.900643808687839,0.346285914773672,-0.0541842739810993,1.82191767105157,-1.01953727731365,-1.16431818301773,-1.19756419967066,-0.689642891969229,0.258725517922212
-0.902047744643531,0.244511314145545,-1.20567119937124,0.36507613932856,-0.427086864954386,0.115883077092645,-0.59533926717181,-0.726881283270867,0.924686581227244,-0.524528103909069,1.12844324989494,0.777611789152104,-0.898591471243862,-1.42394504943862,1.06620273350528,1.22105626409263,1.16496083121889,1.15361686227786,0.99096284253557,-0.61298632564687,-0.0160669555196216,-0.793259738718684,-0.0159186044476653,0.192413170959342,-1.30567256071665,0.307325380226318,-1.79220891345428,-0.510932652105602,-1.24783780260683,-0.609505668458224,-0.221004957579827,0.750288268004616,0.952648127351366,-0.682123521710444,0.731246989263834,-0.424997694755632,-1.15630777536961,-1.00799322952603,-0.747370871431029,-0.848192855635519,-0.917171175126902,0.137695671490943,0.577225625655069,-0.278194025052201,0.467730731815489,0.0846188779844184,-0.424991336056962,-0.186219284142168,-0.150812112385867,-0.388577605851389,-1.22786233455648,-1.22423128399421,-0.225566454690207,-1.50897708455107,0.046610762668864,0.00261822157815328,0.0197622344554936,-1.32483343341055,-0.917090843669547,0.135533774289377,-0.325116035344658,-0.26634798111334,-0.619428934123468,0.101339233058813,-0.164607871676868,-1.31331357781578,0.375059524606286,0.919277354260399,0.972015137204623,0.946948575017205,0.174643844705956,-1.05459608032163,-0.950990582806907,1.1765358435851,0.592627692542112
0.921047945682734,0.29876671801297,1.03920041853926,-0.233991008964589,-0.367606622632209,-0.0171423335475675,0.714453408526032,2.0689174362526,0.161033577461858,-1.08046239101334,-1.48846202452236,0.0653612215532723,-0.849278807554314,-0.63656813778648,-0.925561142075525,0.450421401977075,0.791014395055301,0.209485292556794,0.00955617671487048,-0.54968233173513,0.288648086463085,0.3415852263314,-0.407519067107535,-0.0778987017012876,-0.0613300582230919,0.59695224641255,0.684539537390855,0.93155529790338,0.416539180638122,-0.523472169171867,-1.01261041255039,-0.203840768948894,0.23821107415926,1.39678949738446,-0.33937130771741,0.616360635155047,0.811627318679942,0.192523963414663,0.704942449130446,-0.0865175328915403,-0.13913569077961,-0.601608914422961,-0.559533576525573,-0.353402550098252,-0.268093787678523,-0.0862037066641405,0.332691976908742,-0.803892271961152,-0.54848522934994,-0.815961198828896,-0.391688412770192,0.22028413601608,0.538423989489218,0.109846887706495,-0.249884948091755,-1.04926836807124,-1.18077118089227,-0.242921296758795,-0.0841939588989698,-0.958418008825802,-1.49086945353196,0.184493815639408,-0.147366539127113,-0.168432626829281,0.00391813682711228,-0.434467013707409,-0.116477127397064,0.242366130360159,-0.0094033548840302,0.0745565796065643,0.869521021912955,0.304670417547669,1.12416975879192,-0.626200830361923,-0.768868215971096
-0.0830134913191182,-0.283116317468362,0.267283909750708,1.56451368287208,0.283907086314805,2.92180675083781,-0.196037181408893,-0.303396588138863,-2.50681336174038,0.479778578908805,-0.340970489948619,-1.31825031920586,-0.163896824689972,-0.120488107679615,-0.402148769555794,0.181041301047632,0.323017611504845,0.00114724551264653,0.841045616012936,-2.62854089679822,0.538857355893004,-1.89268337232663,-4.72205794129725,-1.09863071711917,-0.243716051101912,-0.696532133287489,-0.957810319729786,-2.63935474287573,0.699852706570859,-1.61656902654305,2.14969399000279,0.487645387927754,-0.813794521376742,0.0332579867593167,-2.48470123170554,-0.810333298612808,-0.545520425431897,-2.87943023579757,-1.86231044773791,-0.127592360031177,-0.123132659547598,1.99162844753984,1.72757899195597,1.0963385519223,1.63853476111004,0.254723309210033,-1.83383465403505,-1.70527288334329,-3.23004633871787,0.108285535345037,0.0890404890322824,0.296096082447224,1.84925857576735,0.557354147266142,1.26383545459271,0.321256866344754,-2.07481433237076,0.257944486753552,0.565495597638,-1.96735298228347,2.41045984258861,1.20531442375881,-1.08407425783673,0.69640718435447,1.56970126250236,-1.17824620363958,-0.248893052511708,-0.0807872011778935,-0.242687737477546,1.26379730546667,0.293881919623467,1.4772781988782,2.25128873401853,-0.383441880516239,0.385942993660578
0.737537681527545,-0.181541710136945,0.692551360481635,0.203134266279334,-0.71508380620287,1.19900669785,-0.668934929589652,-0.2158661501245,-0.256911543457257,2.75925102771004,-1.23852104850104,-1.95037845455807,-2.8377191093258,2.2952300524904,-2.32168123828959,-1.09119547491343,-0.281912321652305,-0.0345071734825697,-1.61940688252253,-1.45751804497442,0.00284490132408572,-0.0685654411222736,-2.12048071700242,-0.251736920794399,-0.28180649187513,-0.735700651360492,0.809703996765177,-0.51743034557411,2.31772205202885,0.149180155727976,0.0818361454611189,-0.660947452791072,-0.875195780015776,1.10692839453793,-1.47903938496735,1.14753535801998,0.927567248541066,-0.670845170921953,-0.489127096197938,1.68002772874477,1.94137027869133,0.193431166144902,0.402780052519633,0.220561251668719,0.82151028174709,1.15652814840382,-0.31792880609426,1.30165462692146,0.18823928586064,0.100325557135528,1.64053062652014,1.10976115088493,1.4267763745194,0.322152831709677,-0.288144893460967,0.415962334583246,-2.35760619512524,-0.177167839374213,-0.659449492692666,-1.5685791323612,0.0376764636471092,1.15630896421538,-0.748359726427464,0.901597930750878,0.151181790300345,2.0064150657318,-0.103370160706261,1.66298577592982,0.961016171502366,-0.00715777949622482,1.19996920223043,1.29844825967776,1.58115554365147,-0.897077048460532,-1.02174728408156
1.38025887709574,-1.44384872640404,1.62442694355792,-0.478812699049556,-0.491799558455641,-0.399108634829428,0.197901433839725,0.901988421915761,-0.317172161800554,-0.334709595172252,-1.0141610939511,-1.819481304402,0.0324418660020659,0.54390691120927,-1.67927745570037,-0.0971471509412465,-1.59772552049513,-0.334033033729441,-1.0664670919959,0.497220097023201,-1.25180370427193,1.10132312969318,0.529004737541324,5.66806484050164,1.52706621773302,-2.06260078401311,0.129572600783384,0.0498667419411767,2.11153562027018,-0.418582012507677,-0.440905966532345,-1.62208118936563,-0.990280637482936,1.08961636711127,-1.28197797772173,0.716591839826973,0.668605308208373,0.854568920839489,0.459487696609148,1.0921209594405,1.05033436926344,0.665237495428898,0.525128735827731,0.836665650663429,2.1820790228483,-1.87972659379309,2.07237945225961,-0.530045874985781,1.84655871496596,1.72923641133332,1.92209939610124,2.40399350979063,1.82954376652209,1.25646058991096,0.458754138672713,-0.0486479791464752,0.568735814417389,0.728867207121139,-0.471792567258032,-1.93021982796411,0.363329458915835,0.671745088011649,-0.725319462441683,0.399698802029279,-0.172646789469315,2.77116609508232,0.310921751555361,0.74459761344923,0.472599126265729,0.921394740180844,0.100577873255487,1.539352057774,-0.269325148401541,0.420616947230388,-2.66403019827133
-1.56924640630463,-1.33632527815723,-0.995464574989436,0.31834201402388,0.902125435650945,-0.149701295235283,-0.918308661749279,-1.3247285241611,-0.87176785578697,0.502130605868052,1.6779701020485,0.488302334604979,0.0854331263180136,-0.148047547689374,-0.392753067973706,0.985943239475875,2.11108326572559,0.329876837215967,0.0107522010965423,-0.172122958030379,-0.0238478337638899,-0.841638334106768,-0.585351292308774,0.232911523335416,-0.442533214510356,1.4159968537984,-1.17103024471297,-0.882384128722028,-0.32713311590392,-0.504615511794035,1.08284386329706,0.109124762691251,-1.07800575832536,-0.726044459999199,1.24958335729839,-0.851656315215265,-0.388896965072412,-1.27785637514689,-1.40966677846093,2.10162382243936,1.74326282387685,1.1109693161438,0.844802682158854,0.724233372569949,1.84586543711076,-3.46900011876915,-0.379876427938708,-0.31868859116244,1.00008052405262,-1.37669503166392,1.09481337739516,-0.2188492550542,0.032554306011725,0.254887004788534,0.505465985188575,-0.120602672012095,0.404856822411236,-0.637355796419966,-0.837046459238021,-0.480985269814844,-0.757463966240559,0.695025315996904,1.43723024666213,1.69379785183093,0.978549539620095,1.69342289232842,0.65545462772599,1.11389655709222,1.63247645019872,1.30952057220702,-1.85411264361752,0.630697266703316,-1.46943876351765,0.233981648888995,0.645352930222051
0.183677065720455,0.165942182885302,0.60832439661637,0.497033776013683,0.708934853063391,0.763343376217887,-0.0458876537637782,-1.05874361198844,0.148899015818862,0.313180699215144,0.0274626634509978,-1.70922195310266,-0.294840519087631,0.0685150041621004,0.955982725909437,0.482597790258896,0.252091589996018,-0.59753723286874,-0.755899427555113,0.337096180667473,-1.38886963815823,0.568347955657246,0.227467805699108,-0.21826070425633,0.726071550126803,0.341948503636271,-0.534866534620135,-0.351539671538187,0.539068424249322,1.12253723874993,0.88594465259001,-0.659502038583554,-0.380308752079661,0.163995410070202,-1.49536796922267,-0.0512960155135647,-0.424422446586972,-0.0195320365356684,-0.330259763936422,1.39034567412256,0.923051518581554,0.588605768461922,0.0542182058765177,1.04958551809472,0.17714542285952,1.30453304020519,0.322561792759161,0.576658031504573,1.36186048252451,-0.0979798400566971,0.885058864702176,0.642887929024249,0.616220475034365,0.622662392846545,0.22859075923268,0.586607270271659,-0.431114318608661,0.00786438950373733,0.580295344850113,0.668978706687669,-0.0145096615042609,0.897897379698198,0.780714231423442,0.883114498154516,0.479379347131118,1.66563546081167,0.392332271408119,1.24216259219145,1.15702673575322,0.221364446598464,0.132422171420318,0.67095387301666,0.703948784016131,-0.128327173353777,-0.497817966817527
-0.70357939171298,0.687267992566837,0.101949134770796,1.22696555369053,0.0609876959741165,-1.41325320143035,0.809337072469695,-0.621830408401498,1.14357095981614,0.977119864772889,-1.41504117068889,-1.42678985393381,0.132004774415467,1.21828674557293,-1.64016511655633,-1.32150794820279,0.446109695120324,0.136643617923487,-1.57134442125905,-2.51374361559889,0.546987653206575,-0.470143008945811,-0.481714085558641,0.589486702626697,-0.781065118846446,1.83621148821823,-0.632729663090421,-1.64631908976085,1.00000564806493,-1.41621704190359,1.24854270949605,1.31188283305119,-1.27752624228932,-0.268036231929691,-0.886647295354049,-1.2496879123565,1.41312088666486,0.159918514542509,-1.29149485883905,-0.0646071918121026,-0.942742452305328,0.853562781793146,-0.00604483222891932,0.266622750884121,0.722711438193899,1.44006817711725,-2.37620212513797,0.139561029498569,-0.0209591443501136,-2.18731145019855,-0.0923882765440729,-1.20499804156822,-1.22189284538603,-1.88145899796022,-0.913400692975513,-0.251579190834189,-1.12801536210948,0.716981616799951,0.324153314669231,-0.795439688831451,1.01426788645582,1.13185892848618,1.27163492468213,1.07386352254897,-1.63323077281572,0.358313521716634,0.379352310208506,-0.798515676743937,-0.672972182351631,-0.144149499168548,0.528695466474675,0.8858677199491,-0.0920254439297575,-0.143059037846859,0.316773413389726
0.279327873472121,-0.32855706950637,0.477129748851161,-2.10189867808321,0.225790533903975,-1.66498987048103,-0.559702599682479,-0.258363851859889,-0.577379538086095,0.416225859769496,-0.598995511716309,0.178830897119216,0.732671443606389,-0.132665534660671,-2.05554252835977,-0.829561541533311,0.338107744811653,-0.544750170979718,-2.0840845034017,0.635046514147497,-0.551146425150917,0.871844170781545,-0.0410139783355393,-0.895311634637198,0.591883657468211,-1.67205195194884,1.22976552993188,0.126299851176292,1.01903033129454,-2.36523725149728,-1.47465068353092,-0.682561954478881,-0.330570964978628,0.0792297081588306,-0.0371582914522925,0.11775601813808,0.199422666994423,0.68954001060861,-0.0796421605578564,0.651891470985722,0.157060273649264,-0.672690475870638,-0.73652307975237,-0.299237853441681,-1.99729870674987,1.28566519118419,-0.111253996931812,-0.260144825398486,1.04192970467327,-0.583599240915766,1.36562778424921,0.800270804190092,0.164212266502701,-0.0493461259624208,-0.264185262978275,-0.176303381801924,0.581140261660927,-0.562134293956397,-0.139765558724845,-0.113367042053204,-0.285591282382718,0.678985249453872,0.113624944355661,0.438920645998758,-0.150277626916419,0.798036839841185,-0.235938492410333,0.190146522471621,0.0343308224956495,-1.4913360892668,1.2086170148311,0.744512588007774,-0.0850827675397603,-1.2101687707248,0.149006927945231
-0.582944027124245,-1.18059400290719,-0.959090858896531,0.752313694430895,1.93904169998498,-1.13860222758826,0.35905437006572,0.312377651750159,-0.104393586451066,-0.387231067845923,1.13866458444822,1.14370532089005,-0.653288507629122,-0.611967036685969,0.785205704794489,1.12764888249029,0.439893835057185,0.222737942698322,0.545087167908271,-0.0343662205911822,0.398516969078909,-0.438015105876436,0.689338834932807,0.293305927252501,-0.398019679802831,1.27401719019053,-0.518053398286271,0.429579978805501,-1.59668364955614,-0.538203932748297,-0.0306913239638027,0.957827511062558,0.856968123548107,0.0460753812015605,0.591961928773649,-0.444896222691232,-0.461736981127446,0.577060858582186,0.170907954574209,0.425725675882605,0.0930201713938854,0.46785445163087,0.646740415207038,0.227867033600161,0.203276044607125,0.0967621994996609,0.117654733084135,0.0474600861287357,-0.0470035035286898,-0.33690932222552,1.05081825714812,-0.343634531914045,-0.196336631611012,1.04795735178883,-0.551904579958935,-0.039822734230856,-0.0660027044742955,-0.134926828693041,-0.913366724273035,0.726648306719012,0.450684324484665,0.507265903690293,0.232284934049557,0.405120608924212,-0.452086562298073,0.0564363209199542,0.733850037217899,0.676485081420703,0.876990615672858,0.973327661176893,-1.33159145849052,-0.468478967592866,-0.363533968639157,0.338158107855399,0.891199789685705
-0.724015366338421,-0.74716787164781,-0.915698229148188,0.514542797347766,2.90350972812869,-1.51164477734767,-0.623511310749489,-0.0036407110700034,-2.08872956011677,0.456210509032087,2.8379420743704,1.21503949045685,-0.128950156739176,-0.50675541686903,1.39077583998549,0.724646095989208,-0.408274456130876,-1.51489365918941,0.255959347938932,0.102624040311935,0.212190150937811,-1.11753511017425,1.78239547416825,-1.33510315931908,-0.318950895557249,0.7035559556194,-0.501133511880446,1.14389878050803,-1.13476948254765,-1.24002514952947,-2.34490129100881,0.293337244154016,1.93910105912464,-0.780902908212001,0.759520044741527,-0.835236977746933,-0.386596754039095,-1.60149921824179,-1.11919736552399,-0.380403118654312,-0.472513523228318,0.284869438739634,0.429083011065012,0.284500078681033,-1.30595835647244,-0.475184979534519,-0.73238382953839,1.10144981879229,-0.0251805800217953,-1.02623909730627,0.607507427313334,-0.637826208062039,-0.797516174187171,0.259885084807443,-0.341120202433722,0.0759560068269487,-0.56501589644293,-0.143985211702,-0.77218874351435,1.54363204294632,0.320457536530129,0.594442927635078,1.67131512049028,1.31661260398118,0.480311395570822,1.83184862479223,1.08255631382903,1.16114805532603,1.67377368201761,2.20982922729555,1.03474511207169,-1.65963737461646,-0.511405735411508,-0.921946970239177,0.891078776534995
-0.776173893268488,-0.901738999499409,-1.10087947446878,0.901243405147378,-0.933248736850569,-0.157776692725386,0.111118269177965,-1.06479899638878,-0.108149522197708,-0.0127477560701452,-0.60032439594859,-1.08469922881061,0.483418343502855,-0.0747468584100508,-1.01589722306742,-0.841064211740339,0.128308650564393,0.80170311635105,-0.145727655505525,-2.00884461737713,0.91873712261872,-1.11518811804778,-0.228648534010514,0.630368447476685,-0.522896575827969,0.42373009667537,-1.38042051086456,-2.26964168424868,0.679851080148384,-1.65074671804037,0.636360825154752,0.321244856929942,-1.67936644338634,-0.148236318542854,-0.813794968066988,0.00777087247195552,0.904797482756717,-1.16306204331889,-0.660344777568996,0.477207632539602,-0.67649621678182,0.414381283328179,0.373074331154088,-0.638950095697643,0.785951021108859,-0.389705136201686,0.306202695697875,-0.742135682591274,-0.523251561104853,-1.23530239420399,0.915455493236499,-0.0877554746786297,0.504200312815031,-0.492959048174002,-1.62924276156541,0.662137246357494,-0.804502947838269,-0.305529519697838,0.653568603106162,0.124013439583469,1.1087393972948,1.35949719217179,0.0719289049759125,1.00301036426291,0.657866623334435,0.0517482573205026,0.327203855525912,0.716866680975131,1.18198498357722,0.467969811339393,0.636640515525426,0.808851626133444,-0.714915451098368,-0.313663533105457,0.424936120000437
1.22921983140824,2.57381576635189,0.419928882425529,1.42735022561906,-0.79642720939763,-2.18802491152772,1.39939347528159,1.00147657004138,0.651524115797133,-0.667413146712027,1.59513631823639,1.61015779319801,-0.295296501120708,0.528659828119415,1.63406520254625,-0.992075618579896,0.715443980179795,0.361491592975272,-0.695101521486794,0.42963080247792,1.83525973914148,0.40134227721869,0.78979072423995,-0.793228343819781,-0.606496379825659,0.792297684236295,1.88921409947122,-0.281689466751717,1.11968118919169,0.283828474816557,0.340582514936066,-0.245691069541956,0.966407070047041,-0.400653539758773,0.470683046811584,1.50131409395475,-0.122676581034586,1.08741330609145,1.97281039200682,-1.63511196485266,-1.5357918483553,-3.43654612405109,-3.17512553925997,-1.51352630951956,-0.667164966020239,-0.131937022370739,0.747519962242694,-2.07337067362206,-0.0670918405787947,-0.369766463886517,-1.59315515115317,-0.535549320052729,-2.27067449064949,-1.27964851301682,-1.20585533850039,-1.06296514818028,0.630056608677858,-1.25901798768642,2.85234673303125,2.20528145484892,-0.93670958117678,-2.31190752635391,-1.15340546316381,-3.47145899866426,-2.74993548433334,-0.970573509935883,-2.22484448444497,-1.87082308134361,-1.37036385156238,-2.15182670979643,0.977160854048387,0.355855520145484,0.334249255044725,1.22234718994424,0.631232808462234
0.584344044266116,-1.01333530563436,-0.49322522441466,0.274777012621593,-0.219853514742979,-0.724660850612739,0.402432129018985,1.09520110189337,-1.73936975205223,0.187696651493154,0.150605935642273,1.3515929262255,0.0474329157636886,0.363539315453844,-0.764991411383642,-0.0463695977750885,-1.19358407946052,-0.609432683899388,-0.394611469891572,0.327654583336663,-0.338144883214075,-0.262733415418689,0.00861361939503913,-0.731986440749833,1.40647138433076,-0.201013093223402,0.717498622108827,0.991231482653633,-0.375388967825494,-0.274505364730181,-0.474692840303696,-0.157498565741699,0.165067269598917,0.192706373620828,0.652265850900121,0.103064068217532,-0.488108087418503,0.541175571657804,-0.302353374008581,1.33713484578678,0.897564173385114,0.118012305297753,0.340195029859493,-0.8897554717861,0.246145916559102,0.0397342890503905,0.108973258733093,-0.97320807599337,1.15761749193873,-0.722712331482452,1.06388347467603,0.392086447789296,-0.368565051155622,0.915383279287281,-1.12556227760721,-0.0492367994872453,0.146338543176479,0.360899033299891,-1.87125376172421,-1.13914778795819,0.93912080469656,0.716366403217429,0.0116928175555509,0.40355567829772,0.243920610050894,0.781228000899152,0.248765264166998,-1.1540915788786,-0.875369506612489,0.411505247111739,-0.648516002009141,-0.292132777547987,-0.32225199425298,-0.430647209752137,0.306458482924453
-0.0848633931755213,0.461458877653642,-0.170961315537154,-0.654410593377392,3.90545342012256,0.37339205193047,-0.735618903200408,-0.696020825015748,-0.420670342010832,1.55160459704917,1.10029305224114,-0.130946285534794,-0.365097615936958,0.676475576127696,0.158946297149638,-0.587383701228595,-0.123439208839262,-0.132209542417513,-0.408498641878762,-0.016911459474076,-1.87067170536696,-0.49709309936728,-0.118130337645963,-0.585772658329788,0.161436781017924,-1.74598563701502,-0.93264399026497,-0.560377819508509,-0.257448786317651,-0.263898494955151,0.98911869368275,0.172500616405505,1.53060279495304,-0.634271915792734,0.0938282693684113,-0.998575814420749,-0.985975986629756,-0.235543135313687,-1.28039304228976,1.60816090601902,1.92626252193383,1.42604685972291,1.65110427986861,1.8143433884816,0.54520706255733,0.0382979822045016,0.340368700915637,0.361919021348596,0.576147594013228,-0.923843846278762,1.30883408356666,-0.192120543294191,0.0202941590123314,0.46443150958127,-0.0873367778249255,2.390614414551,1.69606379366945,1.29837833881504,-1.55442793145497,2.45208107806904,2.202982261251,1.02784088855207,0.994178595017738,0.728839447416886,0.180424810096058,-0.389137700576712,0.150844030459546,0.230368941446893,0.506181544520664,0.409753397811343,0.66360134304517,-1.44818090650856,0.398366440245511,1.07021296780277,-1.71974345400165
-0.702099470227857,0.0882123071898879,-0.104295411248502,-0.385339670266201,-0.599276934025908,0.828587923448392,0.842347298212333,-0.505577550699908,-1.06264643655219,0.941735911214734,-0.331225338911899,-0.244664379049939,-0.421684986241861,-0.38437733558212,-0.543115508242525,-0.842955416526629,-1.37628320289309,0.265050620861028,0.00443985019327417,-0.272357185044181,0.485133273423089,-0.630171372635879,-0.813831824697462,1.31494597747702,0.0827165367532735,0.097882116767956,-0.0425618902537968,-0.0360738037765229,-0.250057439792636,-0.811036194183801,0.0953890722281579,-0.577869491571264,-0.351841974088609,-0.780390212434312,-0.441704558358585,-1.05491428461878,-0.994967720669086,-0.0683919769313664,1.16234066537336,0.723430599079544,0.841077949508483,0.468220706208286,0.534585545650522,0.614845170281237,-0.34464713044991,0.446959923197299,-0.653208064494203,1.02828923553738,-0.413625697035748,1.26981336382969,0.53882171230946,0.218613591531079,0.339181198554349,-0.369006663705073,0.108528484908388,1.03447785944543,0.233446558864363,0.541824130411298,-0.128206279039567,0.734029653248348,1.1189842382881,-1.21368990858141,-0.54218092576018,0.21443319597175,-0.0129169881150413,-0.126074256882692,-0.140328758642537,0.982530689662045,0.725646483143739,0.225548615588667,-0.261338171031256,0.13911363383455,-0.483011556595176,-0.62406233390325,0.820712510662677
-1.69262397835109,-1.04942329492198,-0.575051326225821,0.0822703550678345,-0.967613213513167,0.128389739631468,-2.45591060052864,-1.25714354661231,1.15273929527974,-1.04968492384018,0.264901053653618,-0.403327012297503,-0.314411882754548,-0.792901675509405,-1.35102098448034,-1.17412350944652,-0.81379760879778,-1.48877955159126,-0.0262802575359639,-0.213930769089316,-0.157491622126089,-0.97716970222003,-0.795159881012305,0.993279691863175,-1.00611240539127,0.338290881368347,0.494390971710247,0.211559564012576,-0.4704789622327,-0.103027636700523,0.948746242820374,0.886401812069511,0.221447304897862,-1.39528334847688,-0.222991001031938,-1.9587713449573,-1.28635101934411,-1.38059247884169,-1.59593433880154,1.08132963621674,0.367386826174547,0.704623949215601,0.917706966047818,0.587647014721248,-1.35102079069608,-0.518105418856794,-1.09662829687561,1.92818582839678,-0.0816769738596742,-0.475517051777815,0.56318345465232,-0.577488778965638,-0.731194323710551,-1.10917233370522,-0.208002759373979,-0.286075308160361,-0.193063377325743,-0.534778570201283,0.778495881043704,-0.197822325962475,0.708666625772451,1.14956412677284,2.4328011055546,1.25549405352921,0.542001351673731,0.469872387879581,0.69084369180214,0.690057320275095,1.00497932363272,1.00325388021755,-0.0442170313713061,0.0175887551512285,-1.0997794586273,0.306033138831774,0.390207266590356
-0.127324081667786,-0.27830047156548,0.274302823406146,0.0762289513225078,-0.281638863935939,0.360885389391647,0.446418116587275,-0.944648642653525,0.0722941060028972,-0.150826534008809,-0.552373823233821,-0.498509304987628,0.276177071166001,0.390154245891665,-0.0732055693164731,-0.538808235827296,-0.128026491458472,0.011749365625868,-0.353415074522875,0.458025274155448,-0.30666114439236,0.892470539198607,0.142115376978078,-0.0451690915597869,1.69446499143179,0.170004746148073,-1.43325499116819,1.22853978753203,0.506096591489909,0.199857422430899,-0.101510138478893,-0.426590216898257,-1.61981552531673,-0.116961876103779,0.544139308036855,-0.223570878229626,0.582981695077268,0.135102681044398,-0.91990457360884,-0.532080533976278,-0.57373549350353,-0.0364921881850584,-0.63043552568165,-0.635542054307523,-0.844868100842909,0.0295169244421354,-0.278691417878265,-1.13666430173478,0.672444530572265,-0.128648529942928,-0.421009605031809,-0.151082299169243,-0.195589009079165,1.2048137630489,-0.216454660520629,-0.90966005370208,0.200578465468761,-0.721659938199272,-0.0376666490360529,-1.61064827914496,-0.747453739926494,-0.0246066838877284,-1.53538463424315,-1.08008481163542,0.131434013984117,0.408279755934787,-0.491778353863371,-1.37903887100233,-1.67195630888523,-1.47323847252716,0.0193901737809363,0.452900567151589,-0.0631646657731931,-0.411400741624078,-0.0870647581221891
-1.83386942597528,-0.474681336937845,-1.1466336078769,0.264838410711337,-2.01824698499236,0.65364041320252,-2.32458851319403,-0.0631422765835923,-2.14427888674915,4.01296232222086,0.581485573923779,1.37939662746303,-1.10242568681671,-0.314416162289291,0.0219688297658658,-1.770733852234,0.359367681127191,-0.454983425081328,1.87985037785405,-1.1071546523635,1.40770768413583,-2.08553567291743,-2.1519819226541,-0.696189690817021,-2.67303971819382,0.501925089238156,0.514006297433089,-0.944653691128572,-1.62621047210911,0.557397324430882,1.15156292859472,1.24430638327848,0.48096943091629,-1.10817371297062,1.19231028882478,-2.47662137871689,-1.22038840193414,-1.10060042158895,0.148198159626885,1.81359154079168,2.3422853793115,1.03677459078809,1.20936028837595,3.99310755796349,0.532775296589222,-1.10575306388341,-0.845440710838716,1.76573934721723,-1.37601078087226,4.26992264419969,0.17217793444458,-1.30259300884983,0.348899983424471,-0.197460895269426,4.70492890402739,3.7665053978757,1.48574196049552,4.4618858687931,1.11951881435288,1.20159946419741,2.46121481819664,-1.52086456004643,1.73883151050341,1.60766505593188,1.69244039140588,-1.0362064003282,2.25669667878189,1.15025675254164,0.972726594465661,2.11116102083107,-0.901866389517321,-0.13894705162889,-1.4676286798702,-0.421221984619466,1.07262539441112
-0.998743420490797,-1.34622355702476,-1.30780623265646,-0.199558292610849,-1.12274832009288,1.28279259094226,1.345472626222,-0.12883793593481,0.436183799656346,-0.283896373263601,-0.263895204476382,0.411598515520826,-0.393317268051455,-0.767352354263637,0.363516629004678,-0.249790693418288,-1.14900085079189,1.85680567219695,1.15909064769914,-0.26375174393455,0.766599339392598,-0.309163964900717,0.14508951315413,0.787648147406963,-0.436707617686217,0.732000183159269,-1.25357473785685,0.240260560030714,-0.841030944385723,-0.571203083159503,-0.825446402760512,1.95685333701574,-1.20720539321309,-0.211127000606129,0.433954916198948,-0.796050306168237,-0.440291579271371,0.0177278883958978,-0.460174638449345,-0.00550915991655913,-0.341915359257978,0.380601341918839,0.85497116516984,0.628444248061231,-0.192285791855011,0.121603779266058,0.666645647868955,1.44895493967308,-0.788844135846559,0.0152817572459166,-0.254960733582544,-1.15578292180616,0.529290488018564,0.218317719316854,1.71816287292672,-1.1015985403229,-1.32069039235956,-0.79909145972483,-1.11601685766765,-0.125548528043335,-0.275362082368033,0.766583825738815,-0.0994317433347766,1.33546570522947,0.849985107968424,0.613804464134741,1.0687635174858,0.483608487034385,0.86466686748453,1.07172078386693,-1.94095702992263,-0.0269995096894146,-0.555877479425303,-0.192006845678713,0.869646002953707
2.08235104047885,-0.550362441695591,2.15287898475618,-1.92848082564074,-1.05332642053045,-1.04085201898063,-1.49407998613469,0.582358830642001,-0.895613232475905,0.34323433131838,-0.533437222923832,-1.74514701037177,1.209300753013,0.882243732871308,-0.877552540636156,-0.816245387284635,-1.07790718160501,-0.495587629069162,-1.92395012785564,2.06048383220195,-3.12984114531323,2.21111512092311,-0.414558442672156,-0.63309136103128,1.42320130341546,-1.69698060080401,0.855206214938571,-0.182656638668083,2.68857482984916,0.58877598084868,0.0324920388515479,-2.25361601234276,0.880848587307267,-0.210272507643313,-1.33923986223351,1.56998232686134,0.850521796152391,2.46752574884791,-1.00024933106735,2.20501712871933,2.08363498815773,0.645769655967802,1.34420426415271,-1.24869171450478,-0.243590506767113,0.180655576634535,1.06846490222658,0.0893491862859789,2.34487801579441,0.558273731292438,2.00626783827084,2.50554502979988,2.16115301890519,2.49169441591735,-0.262185482796255,-1.3262539748949,-1.01283120913377,-0.268740787751306,-1.53362606454017,-0.186818232670275,2.63201430468037,2.48440961188484,-1.61678830665867,0.0697818524726252,-0.0821215847630638,1.98834471149392,0.123791860836086,0.463317152154545,0.067573049692433,-0.251142609333255,-0.440571717603082,0.838497656054228,-1.72791870837352,-0.319366190328586,-1.7401043968195
0.584126408753598,0.384025209804638,0.750637790779682,-0.465642856974968,-0.372612805652193,0.294620485077555,-0.534461112159005,1.08530011792125,0.396863967691247,0.118092671169281,-1.25790061022179,0.264496871447631,0.212646990152972,0.624190224823991,-0.447223165185475,0.224823987196003,-0.140461896149103,0.0198925602911436,-0.377689939750881,1.05281106615392,0.683709391298318,0.824479917379403,0.329368046528671,-0.335316480107652,1.51078442148094,-0.177220793033999,1.55401887351355,0.863557505728545,0.70897941271479,0.0375133878186286,-1.56312648010166,0.200274806331506,-0.332468750178032,0.599786821106487,0.669466784177293,0.603743991829009,0.851892628990429,0.22770987310732,-0.0619264958515486,-0.726313052188993,-0.58722056527596,-0.460121953824374,-0.437029290096666,-0.353005496732412,0.0129330677933988,1.46428953347292,0.0842948647703981,-0.145492920147068,1.01435890941272,-0.106677254939567,1.31789974470847,1.60455005032392,1.00837575487301,1.15862317354082,-0.0385496877239481,-0.602315604368693,1.09289754645239,0.125917408961261,-0.183052401060927,0.155612848222551,-1.19955622681406,0.268846438905131,-0.23011159677468,-0.648299503896017,0.0105007289325218,0.212267554965721,-0.463786343605106,-2.54415693117543,-2.21945129309793,-1.1671715782265,0.111260465291613,-0.808744653907517,-0.0402852084694246,-0.551987082888707,0.131834585606396
0.788029120431724,1.47384792870849,1.87428715022676,0.914652155921732,-0.136346422276871,-0.441316434418492,-0.0398606611240002,0.791762250110243,-1.66590750108971,0.673586866551043,1.10735828674276,2.08593549313753,1.55000642941352,2.61153956163546,1.40557172885563,0.0780354074819979,-0.864736710974956,-4.53464411714257,-1.45905102097986,1.29606284683184,-4.34560337098014,0.864756509206135,0.403950230635831,-1.91705257761801,0.571767921425884,-2.38106249759307,1.68518802443568,1.69278288666365,0.644398325859705,2.81076788108178,0.49004648195848,-1.0374667352787,0.885988422222318,-0.128753878990643,2.5081548430201,1.57303424832385,0.108808292954667,1.86367380039387,0.607523165307379,-1.74065223596248,-1.91726270648203,-2.14268139575756,-3.08224615707185,-1.59899204651645,-1.5685999872301,-2.02283498498347,0.584890604213226,-0.672028811677997,1.29430290473376,-0.0753361963217433,-1.21097531870408,0.580462319321596,-2.99889025714613,-0.380623034682353,-0.345421616410143,-0.00688127204901921,2.55713917315841,-0.058001994464622,1.50010447060163,1.53552614706441,-0.816039431156453,-2.7019488290856,3.09744433719923,-0.744967856374987,2.33613634507646,-0.943945308690998,-2.88628908256224,-0.552422501368049,-0.394767860276705,-1.58167939203104,-0.852563683796309,-0.68958827841894,1.7669103499609,2.00755556742552,-2.6663352106658
-1.00673934922071,-1.78187124713221,-0.749179422472196,-1.29883694740807,-0.0617203550552526,1.16807530168755,-0.164934581777011,-0.234185362014938,1.19669337411993,-0.044220104910432,0.496049391823447,0.48283713972255,-0.303017455321243,-0.504147895800787,-0.633139439680198,-1.02008099356593,0.93953918411584,0.693606198931608,0.6895558389144,-0.46784354158726,1.0000220844622,-0.722714163445351,0.105123458385994,-0.0372389209151447,-0.692884503670801,-0.236737054403313,0.00227313996984093,-0.294342869821971,-1.20370825022357,0.704656033140887,1.77476849632752,1.77550944682636,1.02207543589621,-0.902582706117035,0.656627596009417,-0.48444912484543,-1.01924772602076,0.773296463221769,0.987988154952367,-0.369645694875238,-0.237154257075687,1.21788747932015,1.02732876154466,0.0782106715814474,0.365699566998345,-0.631066708652093,0.675228264851611,0.0382805901118088,-0.0386409709264829,-0.321906823785417,0.214039957952376,-0.756764579224382,-0.336936644292237,0.0454258013294476,0.628131746919649,3.14097203825661,0.832957924304308,1.32190695638963,0.225778524376951,-1.82756024157145,1.60025715029399,-0.189159639868612,1.1388640883805,0.738019552273079,0.875208668867913,-0.681226224577737,1.00899473333181,0.147343702528971,0.0679165118184514,0.837638969909824,1.21350048547619,-1.0067093966024,-1.18372711578793,1.33956055695129,-0.107886703418941
-0.812114221805713,0.109243064284995,-0.323495428734614,-0.43506254340495,0.218106750056298,-0.163432386274411,-1.07102933763063,-0.628670218585134,2.1882218888154,-0.509530241260248,0.641429326834873,-0.539192521437594,-0.691355322300638,-1.31927314937707,1.94989812150824,-0.392097376857933,0.843722088121811,-0.697682560203266,-0.0111970611671021,-0.322561398157454,-0.898206015171296,-0.0518012116475011,-0.219919708310383,0.368410495037128,-0.308793444684391,2.12534120186319,-0.537602005214137,-0.221158322334554,-0.27829881077604,0.0822979490909794,0.417223361372208,0.321600651196408,1.22466400593253,-0.995722439064006,-0.559941402705962,-0.737514452517194,-0.850007956660358,-0.603077928813409,0.176981896759229,1.3660284724707,1.02799447339148,0.205471081041718,0.618080491560417,-0.307906851929171,-1.228690722876,-2.45065856503392,0.998716535313077,-0.414568427059242,-0.212139785976025,-0.359459701910607,-0.198341857953581,1.02711316057438,1.03169467768341,-1.14765754985082,-0.160272156916333,-0.147158892992583,-0.559441278782887,-0.550491266702989,0.922527407833482,0.167332434000417,0.551404406280633,0.24318444019798,0.109777009856666,0.208900488481239,0.2527168172006,0.574765679979308,0.282599527020001,1.04519757029838,1.02799946374563,1.24774689113263,-1.67449248895296,-0.197313169785265,0.433240718519715,1.32088435454555,0.367253184828715
-0.150589317955961,-0.897024357944051,-0.33195748351547,0.0771009680766528,-0.586464499517137,0.142849657158873,0.226322298214459,-1.08478989615277,0.476863472973818,-0.0571333225578727,0.221036799953111,-0.805286363178208,0.198455189797643,-0.157054121107496,0.0189409790899108,0.0746156947177465,0.928540759522793,1.38402137016007,-0.593594489242311,0.165962874066224,0.598503551248834,0.14427661157642,0.600811647832133,0.443676491231824,-0.239931902737514,0.60799613500793,-0.31270629111021,-0.609851485566981,0.46457650579287,0.453332146526972,0.518011323808779,-0.180091501662289,-1.06437333464298,-0.10226459714334,-0.428015389092487,-0.351568464367515,-0.00599314861723857,1.35935046695121,0.896406604451569,-0.184611225986227,-0.487005778784581,-0.440907675224566,-0.518425403214258,-0.341226246879182,-0.510145209001117,0.984791550307878,0.586652062777206,-0.196255533120674,0.177587099135471,-0.124354045786298,-0.0493086103142882,-0.509106359323049,0.287630052816949,-0.627628149216807,-0.396393372030723,0.377738433804716,0.109320866833932,-0.499121799237722,-0.0513056317609412,-0.355819369157887,-0.286365510824196,0.469473736395081,-0.12214323643035,0.438637233365614,-0.553971107363217,-0.744659986954315,-0.116096110923494,0.325676218735519,-0.0592298961657033,0.509333724159497,0.715183001733889,1.67613709126909,-0.506820190171302,-0.626755255369727,-0.0272496864855784
-1.37357031699968,-0.791327524750096,-0.958270892347999,0.403265097714368,0.0513571574526228,0.503473003558046,-1.26892481155509,-0.675113964657236,0.954926679289948,-1.08772969511538,1.12654958986394,0.767961707279285,-0.0182182502121939,-0.350037666145235,0.201083365474088,0.851201375181392,0.896798237623599,0.0271256331997119,0.474388837791668,-0.102652311987446,0.118963702344449,-1.07735485961563,-0.194313979694074,-0.215435707080121,-1.74359313018662,0.433353549438547,-1.09954772777606,-0.217396499800155,-0.802313143110342,-1.61097095638401,-0.647063162425331,0.371923302759691,1.0294293535439,-1.52892604786134,1.02403863609287,-0.7685830130056,-1.55810120364384,-1.39819749191615,0.294006516190609,-1.73647130445171,-2.0732363063395,0.28425807532964,0.285238178796206,-0.864542583055308,-1.66735845782361,0.304014748693947,-0.751795821876125,-0.124624865868588,-0.629809945966161,-0.918638410937393,-1.20590921394836,-2.14966896698755,-0.158987387561716,-1.71339855732442,-0.0177972518727976,0.72878549596025,0.930864454333666,-0.388054865646763,1.67189761471086,1.40886586336777,-0.621856681642213,-0.386810777837043,0.635660514663642,-0.350889983361003,-0.412591009665615,-1.35356273475507,-0.339600374319571,-0.277807852494419,0.154051906422073,0.620134572886224,0.518114613410323,-1.46010290245525,-0.788927760238548,0.881835190865424,0.88591362792771
0.824504832329743,1.15127758396804,1.54400462447785,-2.58927242560537,-0.0917715949350969,1.41739226679715,-0.409636012303049,1.13628779383563,1.25836776520068,0.222469688252293,-0.691574446565146,0.592528951553333,-0.123708925055601,0.327715416689628,0.87604122507314,1.7781248826977,-2.4016974622716,-2.07214205036324,0.224176107425985,0.604352612861728,0.130508940665227,0.787513730360347,-0.427880460928201,-1.42348521383188,0.454758070684626,-0.964745929303258,1.29568369936782,1.26823841473217,-0.289173731054584,-0.445688457488311,-1.49956134470133,-1.2369338959162,1.82800155057623,0.590558297108072,-0.393971409316341,0.224268077179863,0.589354906051398,-0.0709000883830703,-0.598120614295793,0.203223280768118,0.803322546278411,1.35369749396879,0.431332622075153,1.82853804631035,-0.470269147289774,-1.23312736644383,0.492808560374492,-0.0556562524614102,0.501432564737616,0.403260204689263,-0.510333030987934,1.0172217787553,1.08971474520441,0.641613446251573,1.9974906594832,-0.46177534413644,0.812062337578586,-0.528552784794947,2.47877402889282,0.507290990227588,-0.312509406580383,0.0436004847499223,0.701861821115939,0.0703486777389137,1.44637960332402,-0.469260969367338,-2.14203690418912,-0.971787926118354,-1.92072102015857,-0.963609585139111,0.541921532805116,-1.26164140992925,1.61156494892863,1.95924138817402,-0.340616121514373
-0.878863033494987,-1.80941857684834,-0.976474149725422,-0.274784669449593,1.12163383349327,0.443097017269227,-0.31851230707044,-0.885462043224266,0.816900855903107,-0.242724634486335,-0.891903744581349,0.727880426629307,-0.115214338416924,-0.486286545145747,0.313710046132988,-0.785727041555179,0.377480999485454,1.17948348062638,1.87770196368698,0.0284500155248706,-0.475102749346981,-0.0569790242954055,0.823474136316661,0.433990786627681,-0.00163013863212671,0.733775727949523,-1.93884348105177,0.613168317946442,-0.921718739407492,-0.254764801537764,-0.726090087517642,0.247573206629829,-1.92347697209795,0.176641905919883,0.689530811680054,-0.145258573501484,-0.649982534581318,-0.403393670927733,-0.783544571555146,-0.68312515966418,-0.336124052500939,0.495196764506404,0.615764538134427,0.792592727055273,1.31241441529164,1.26575275536619,0.11226251299032,-0.31225682428658,-0.57726110572784,0.503681728149834,-1.17560146444484,-1.05150577658455,0.157543116187704,0.775103833423252,-0.717120381525177,0.70538800663996,-0.260811594994248,0.238021973453276,-0.797193545176645,-0.283636139907819,0.037574797286107,-0.183131441404345,-0.650622716186409,0.606491445917371,0.565186056611368,-0.0247268456145496,1.66068530972569,0.304823562866023,0.659718110287535,-0.378405050246352,-0.759910002202984,-0.87498326338736,-1.1051694854886,-1.18149707746407,0.817158949887863
-0.883113455054464,0.461187353794433,-1.21656035513576,0.319366335074125,-0.801702085856539,-1.05773164044911,-0.051969939914013,-1.51172319488086,0.562306195907676,-0.37281227325304,1.28317188548045,1.41805428217335,-0.118928798798734,-0.641661742978002,1.30346760966955,2.81450510558493,0.839116382680837,1.29843799093286,0.648702746840442,-0.161218087312507,1.1029205969842,-0.404274441490502,-0.797641260898834,0.602340439778445,-0.526581141340672,1.02681164013304,-0.774146820920812,-0.45174094449993,-0.55862880361581,0.29384607404853,-1.02148662515134,0.275858850813875,-2.0782413551093,-0.776459544805357,1.74167320373679,0.00832021833520831,0.546970148766576,-0.786604161000605,-0.314906187857622,-0.706481877050048,0.015061348792482,0.00341547403873638,0.523041965292855,0.575470711502178,1.43629728925313,0.974280395662963,-0.485626851011915,-0.729461858423903,-0.652779522415018,1.52494476349852,-1.39033320286274,-1.35690768546084,-0.431883473661284,-1.00142205863092,-1.54412004287414,-0.358399955292844,0.687427177179223,0.0658614885242956,-1.11988607262507,1.14965833248484,-0.826831706401304,-0.033933529413736,0.278502230711447,-0.386280827867676,-1.76081072830296,-0.643063682127803,-1.55405228217613,-1.96540985706342,-1.89447070052716,0.884880988646961,-0.771192854172567,-1.64350294010193,-0.853567858493041,-2.11007976196352,1.38814317434143
1.67602553860772,1.27617855920425,0.976259786273901,0.944067789580392,0.0150269761578839,0.345929869852215,1.246824856554,2.46567425774393,0.081615760689793,-0.0700754936081102,-1.15579800504161,-1.26130528161972,-0.952653520828497,0.785330304293538,-1.02042339160364,-2.1298036924804,0.804315672368835,0.205493530465973,-1.3038557831581,-0.972010903115491,0.448876542159867,0.324396585983848,-1.0894585749302,-0.515349514437164,0.341880908288698,-0.294442260086568,1.55215074725423,-0.37687497633426,0.733017357065707,-1.10743927734159,-1.34398901631912,7.38200194254368e-05,0.816482039294166,0.26858534871891,-0.757405432577064,0.616183623710221,-0.334760685197378,0.0466917523718272,0.746818906083832,-0.262263553937695,-0.479899537643093,0.206782554163156,-0.646562763861588,-1.61126761307698,-0.522101816289954,1.0142358406486,-0.853978392653924,-0.475104143458869,-0.562398438613874,-0.818303644732511,0.244561017129821,0.421980401731411,0.683497261583802,-0.636104059915539,0.457659919327834,-1.10983072878019,-0.892700044459738,-0.474272560516328,0.928379595456573,-0.872060782866028,-1.4493426553072,0.0709065375836912,-0.378716039148728,-0.384032010235119,0.208619275397104,-1.00269100746813,-0.245438503151341,0.343990363263731,-0.578847204483247,-0.893390832189337,0.725763854798242,0.774834197698871,0.345029308767317,0.434952793860753,-0.25006755128477
-0.48742380068009,0.852996282633212,0.54938520110785,0.470240165334952,0.0774289060843786,1.32346110898808,1.3536270366766,0.799845662145449,-1.18807542928107,-1.07076300107637,-1.34992584330717,-2.33160446121697,-1.46111447485882,1.4580572469063,0.184118037202113,-2.16089199033723,0.216277624487002,0.395820746956335,-0.633329077033409,-1.54168239461244,-0.0988648659105959,-0.263200267378746,-1.90278802766652,-0.28696867129197,0.246928659197813,-0.0113493987284701,-0.140811987734941,-0.912364714374973,0.199079338614342,-1.16960731963413,1.13715101351146,-0.0856058867739153,-0.537429551713609,0.260040419090748,-1.72240239414243,-1.31280164820132,-1.00177541594951,-0.0840435570482508,1.07180855710564,0.0724030637774701,-0.175604136952562,1.30743672349829,0.933725643910912,-0.280973398613076,1.77142391069169,-0.115615353667456,0.376156865678289,-0.414999863372037,-0.569701960537199,-0.394362145874484,1.14867407006125,-0.321082181366538,1.17513531713738,0.0509861653504832,0.627678966501078,0.801561995632412,-0.59026780690299,0.0945566994425906,-0.743459822455542,0.625147999290466,1.22815826902587,0.500173285567126,-0.0908573985181502,0.605899976074287,-0.263754524450382,0.137565392446462,0.712780588262433,0.958234706527638,0.480147115368468,-0.0249513562746316,0.263156750148135,0.0793049541686249,-0.433346883717252,-0.205550656583644,-0.109000792742937
0.163284618197517,0.181344990898621,0.632824997086523,-1.24579921606007,-0.464548387044601,0.204654143364713,-0.22340746908495,-0.450715576709485,0.0222230524221041,-0.577483877624694,-0.232666425017803,0.013938706068605,0.205371771198255,0.0579567364472234,-0.206306139236806,0.29314052173639,0.468054407720826,0.170509727502015,-0.647105506022295,0.239649141057601,-0.457577762005145,0.291122773557971,0.0852548208548509,-0.28535438719128,0.184888542592023,0.00221576346907041,0.845598708462078,-0.157777312361029,-0.172146220161134,-0.0762158269914193,-1.75181758023149,-0.0935223092027835,0.825022072691481,-0.278461046076049,0.125657824704453,-0.32642063151639,-0.111059353593591,0.196503178698617,-0.835544265483566,-0.584613373418416,-1.17530398572509,0.103494537317575,-0.257627335384464,-0.631472257307671,-0.730488400466835,1.51997906708852,-0.407709270656284,0.785460967569605,-0.00967155121761512,-0.154328677627013,0.508238437810453,-0.0577955781910537,0.856140462232298,-0.530253055248424,0.771964993218895,-0.527618731402892,0.508301052102887,-0.781357404324963,-0.408434172330359,0.396711898273966,-0.534689507816772,0.160265094888796,-0.31338268784658,-0.521858038190827,-0.190180950741247,-0.629926875546939,0.36464507432871,0.767720687053011,1.01395840492721,-0.304856335816485,-0.0702825559394515,0.991417124063849,-0.426231243778721,0.164916133631104,0.616870660400996
-0.228350486578647,0.225479960013705,-0.129609418534799,1.02664060893693,0.125284621733034,0.298410382816592,1.04190157745049,-0.477931324922694,1.00377310520525,-0.399420450423439,-0.660234926753877,-0.555110379259492,-0.229594101208525,-0.615121024006547,-0.174560529572411,-0.0283383850181265,0.387585917222952,-0.944293622174209,-0.44187658156727,0.335284508854919,-0.669102377978955,0.490765648113236,0.602582050786635,0.672178405684569,0.467106344294768,1.14791089700753,-0.548530543831149,0.199196847229071,0.205288069695355,0.378701032248773,-1.00831547096929,-1.20624664043351,-0.481840260247748,-0.246844806451848,-0.439087511293007,-0.461254521730314,0.121656946504407,0.919538654021133,-0.971195640949007,-0.601845591131744,-0.89762901198781,-0.250553901970016,-0.663353426200012,-0.473114139898784,-1.2205229625722,0.0778290638038527,0.901090390514552,-0.283867702938231,0.438257100100856,-0.174543118202661,0.295142073559304,0.235341017229572,0.994313551091042,0.291497940927038,-0.620817759665374,-0.390100235029748,-0.15402997830612,-0.509282496632478,-0.603636066931953,-0.00603864076990038,0.665567909196818,-0.0875760646989094,-0.279874358716574,-0.182098044662191,0.76365412124084,-0.646809018756164,-0.835226603139238,0.0112024177241033,-0.466649576650561,-0.15587675481583,-0.620029089912807,-0.201032832520634,0.133933331393588,0.344914172593355,-0.538251725903932
-0.465203214852,-1.26567970678845,0.057290476671519,0.16180007486111,-0.76033743802193,-0.236842705479565,-0.88648724648146,-0.282518426284618,-0.488739454465352,-0.489407626316366,0.52435462597101,0.815310168397051,-0.474981600818162,-0.266684696421716,0.184664298922002,0.503141973759285,1.33809851015599,0.675723104764729,-0.250889206694005,0.0964225483381924,0.507544724347494,0.0248049508891173,-0.286811374613195,0.262634529339381,-0.192928796737622,1.10454499105036,-0.0499009577011185,0.533343583712699,-0.764675121153397,0.371629785732086,-0.339449902072047,0.647485962137599,-1.32564379527636,-0.578388076024551,1.44393377219916,0.191173040840347,1.1331457053369,-0.415934228186254,1.01744677454971,-1.19577516177451,0.0478927424127034,0.0643700964208693,0.283290124221741,-0.149942479108076,0.772255270941645,-0.465819606032576,0.0260229396232347,-1.3503935673289,0.309590954377643,-0.615684243001128,-1.24341616494685,-1.20148110581032,-1.54154999466419,-0.613970895565139,-0.923908971856504,-0.931589022268411,0.88076673138878,0.599554140542779,-0.536166631112026,-0.308044396222616,-1.05268743761239,-0.42203569138069,1.48678259523429,-0.328375930229795,-0.389231545645534,-0.593070171903252,-1.77638809505325,-2.02749028293444,-1.60457231082828,0.0596151872263236,-0.447642576141279,0.418883138717017,-1.00959706890323,-0.346929033573707,0.884440340838909
-1.05652760778394,-0.23381696455112,-0.552125061528851,1.44404397101519,-0.525782207599766,0.0954759354209051,0.531763649977161,0.723316317433437,0.136683557098246,-0.875153811780158,-1.43287036747198,1.20269502928885,0.946726829471253,0.0924650683076685,-0.684612901171433,-0.9009609989445,2.69460772227527,0.787811784274992,0.20670086229378,0.438584642013042,0.949086150029812,0.190622278883892,-0.243290435184925,1.22034892917656,-0.432375763637498,2.0848587806454,-1.94867783143118,1.03346649019894,-0.262140684546573,0.189545187927398,0.510184985816545,1.75211597380622,-1.63993995586874,5.56080206462504,2.23405830676722,1.88732112053367,3.58970138555468,0.257855443440302,0.84447439876965,-0.728098422942242,-0.632753665503408,-0.369065431193026,-0.122759235092852,0.161734486741586,0.462065784450407,1.67170529935424,-0.575919576482851,0.0737134447371467,0.393055602917399,0.329386401469672,-0.429977499239742,-0.873570808083501,-0.0946539604238176,-0.692790617463325,-0.619451872069353,-0.510631899989308,1.34619192900571,0.802687234081982,-0.066589030842731,-0.116491661136175,-0.45989434807637,-0.0774588085351045,0.026135065220611,-0.414029389110174,-1.60992373652037,-1.00988505415528,1.12906572470279,-1.16481532315861,-1.48100772215832,-0.877754491326294,-0.968652937537458,-0.245696603335607,-0.840012343177693,-0.106704598049414,1.67463700653797
